input_name	accepted_name	accepted_rank	genus	family	order	class	phylum	kingdom	taxon_key	match_type	confidence	issues	source_url	resolved_at_utc
Antidesmeae	Antidesmeae	TRIBE		Phyllanthaceae	Malpighiales	Magnoliopsida	Tracheophyta	Plantae		MANUAL_OVERRIDE	100	GBIF genus match resolved only to Plantae; curated higher classification	https://powo.science.kew.org/	2026-07-04T00:00:00+00:00
Benthamia	Benthamia	GENUS	Benthamia	Orchidaceae	Asparagales	Liliopsida	Tracheophyta	Plantae		MANUAL_OVERRIDE	100	GBIF genus match resolved only to Tracheophyta; curated from POWO	https://powo.science.kew.org/taxon/urn:lsid:ipni.org:names:28828-1/general-information	2026-07-04T00:00:00+00:00
Campylosiphon	Campylosiphon	GENUS	Campylosiphon	Burmanniaceae	Dioscoreales	Liliopsida	Tracheophyta	Plantae		MANUAL_OVERRIDE	100	GBIF genus match resolved only to Tracheophyta; curated from POWO	https://powo.science.kew.org/taxon/urn:lsid:ipni.org:names:5067-1	2026-07-04T00:00:00+00:00
Cercideae	Cercideae	TRIBE		Fabaceae	Fabales	Magnoliopsida	Tracheophyta	Plantae		MANUAL_OVERRIDE	100	GBIF genus match resolved only to Plantae; curated higher classification	https://powo.science.kew.org/	2026-07-04T00:00:00+00:00
Cynodon	Cynodon	GENUS	Cynodon	Poaceae	Poales	Liliopsida	Tracheophyta	Plantae		MANUAL_OVERRIDE	100	Plant-genus homonym disambiguated as the accepted grass genus	https://powo.science.kew.org/taxon/urn:lsid:ipni.org:names:331181-2/general-information	2026-07-04T00:00:00+00:00
Elodea	Elodea	GENUS	Elodea	Hydrocharitaceae	Alismatales	Liliopsida	Tracheophyta	Plantae		MANUAL_OVERRIDE	100	GBIF genus match resolved only to Tracheophyta; curated vascular-plant genus	https://powo.science.kew.org/results?q=Elodea	2026-07-04T00:00:00+00:00
Eriocoma	Eriocoma	GENUS	Eriocoma	Poaceae	Poales	Liliopsida	Tracheophyta	Plantae		MANUAL_OVERRIDE	100	GBIF genus match resolved only to Tracheophyta; curated grass genus	https://powo.science.kew.org/results?q=Eriocoma	2026-07-04T00:00:00+00:00
Hosta	Hosta	GENUS	Hosta	Asparagaceae	Asparagales	Liliopsida	Tracheophyta	Plantae		MANUAL_OVERRIDE	100	GBIF genus match resolved only to Tracheophyta; curated accepted genus	https://powo.science.kew.org/results?q=Hosta	2026-07-04T00:00:00+00:00
Lilaea	Lilaea	GENUS	Lilaea	Juncaginaceae	Alismatales	Liliopsida	Tracheophyta	Plantae		MANUAL_OVERRIDE	100	GBIF genus match resolved only to Plantae; curated vascular-plant genus	https://powo.science.kew.org/results?q=Lilaea	2026-07-04T00:00:00+00:00
Microthlaspi	Microthlaspi	GENUS	Microthlaspi	Brassicaceae	Brassicales	Magnoliopsida	Tracheophyta	Plantae		MANUAL_OVERRIDE	100	GBIF returned a higher-rank family match; family assignment retained	https://powo.science.kew.org/results?q=Microthlaspi	2026-07-04T00:00:00+00:00
Phaseoleae	Phaseoleae	TRIBE		Fabaceae	Fabales	Magnoliopsida	Tracheophyta	Plantae		MANUAL_OVERRIDE	100	GBIF genus match resolved only to Plantae; curated higher classification	https://powo.science.kew.org/	2026-07-04T00:00:00+00:00
Potamogeton	Potamogeton	GENUS	Potamogeton	Potamogetonaceae	Alismatales	Liliopsida	Tracheophyta	Plantae		MANUAL_OVERRIDE	100	GBIF genus match resolved only to Tracheophyta; curated vascular-plant genus	https://powo.science.kew.org/results?q=Potamogeton	2026-07-04T00:00:00+00:00
Pteridium	Pteridium	GENUS	Pteridium	Dennstaedtiaceae	Polypodiales	Polypodiopsida	Tracheophyta	Plantae		MANUAL_OVERRIDE	100	GBIF genus match resolved only to Plantae; curated fern genus	https://powo.science.kew.org/results?q=Pteridium	2026-07-04T00:00:00+00:00
